{
  "txt": {
    "TesseractFra-PNG-txt--PP-txt": {
      "jaccard": [
        0.3513964784456588
      ],
      "braycurtis": [
        0.06237591489613892
      ],
      "dice": [
        0.21314796059294724
      ],
      "cosinus": [
        0.0017375530585100885
      ]
    }
  },
  "-concat.json": {
    "spacy-lg-concat--spacy-sm-concat": {
      "jaccard": [
        0.6581196581196581
      ],
      "braycurtis": [
        0.5614307931570762
      ],
      "dice": [
        0.49044585987261147
      ],
      "cosinus": [
        0.6931806640393567
      ]
    },
    "spacy-lg-concat--spacy-md-concat": {
      "jaccard": [
        0.47619047619047616
      ],
      "braycurtis": [
        0.16666666666666666
      ],
      "dice": [
        0.3125
      ],
      "cosinus": [
        0.01021322990496809
      ]
    },
    "spacy-lg-concat--spacy-lg-concat": {
      "jaccard": [
        0.6993865030674846
      ],
      "braycurtis": [
        0.23918575063613232
      ],
      "dice": [
        0.5377358490566038
      ],
      "cosinus": [
        0.004504902748719841
      ]
    },
    "spacy-sm-concat--spacy-md-concat": {
      "jaccard": [
        0.8589211618257261
      ],
      "braycurtis": [
        0.6628352490421456
      ],
      "dice": [
        0.7527272727272727
      ],
      "cosinus": [
        0.6496720412367984
      ]
    },
    "spacy-sm-concat--spacy-lg-concat": {
      "jaccard": [
        0.8638297872340426
      ],
      "braycurtis": [
        0.6852540272614622
      ],
      "dice": [
        0.7602996254681648
      ],
      "cosinus": [
        0.6974865125982533
      ]
    },
    "spacy-sm-concat--spacy-sm-concat": {
      "jaccard": [
        0.6782608695652174
      ],
      "braycurtis": [
        0.3589041095890411
      ],
      "dice": [
        0.5131578947368421
      ],
      "cosinus": [
        0.11410136954487504
      ]
    },
    "spacy-md-concat--spacy-lg-concat": {
      "jaccard": [
        0.8040201005025126
      ],
      "braycurtis": [
        0.38149556400506973
      ],
      "dice": [
        0.6722689075630253
      ],
      "cosinus": [
        0.019469526698212114
      ]
    },
    "spacy-md-concat--spacy-md-concat": {
      "jaccard": [
        0.7120418848167539
      ],
      "braycurtis": [
        0.29934640522875816
      ],
      "dice": [
        0.5528455284552846
      ],
      "cosinus": [
        0.011111174567024484
      ]
    },
    "spacy-md-concat--spacy-sm-concat": {
      "jaccard": [
        0.6693548387096774
      ],
      "braycurtis": [
        0.518578352180937
      ],
      "dice": [
        0.503030303030303
      ],
      "cosinus": [
        0.6308552053482798
      ]
    }
  }
}