{
  "txt": {
    "Kraken-base-txt--PP-txt": {
      "jaccard": [
        0.812713403559753
      ],
      "braycurtis": [
        0.3428957614638181
      ],
      "dice": [
        0.6845132472618246
      ],
      "cosinus": [
        0.028594569486598553
      ]
    }
  },
  "-concat.json": {
    "spacy-lg-concat--spacy-md-concat": {
      "jaccard": [
        0.47619047619047616
      ],
      "braycurtis": [
        0.16666666666666666
      ],
      "dice": [
        0.3125
      ],
      "cosinus": [
        0.01021322990496809
      ]
    },
    "spacy-lg-concat--spacy-sm-concat": {
      "jaccard": [
        0.6581196581196581
      ],
      "braycurtis": [
        0.5614307931570762
      ],
      "dice": [
        0.49044585987261147
      ],
      "cosinus": [
        0.6931806640393567
      ]
    },
    "spacy-lg-concat--spacy-lg-concat": {
      "jaccard": [
        0.9585253456221198
      ],
      "braycurtis": [
        0.7870296236989591
      ],
      "dice": [
        0.9203539823008849
      ],
      "cosinus": [
        0.23392085813728725
      ]
    },
    "spacy-md-concat--spacy-sm-concat": {
      "jaccard": [
        0.6693548387096774
      ],
      "braycurtis": [
        0.518578352180937
      ],
      "dice": [
        0.503030303030303
      ],
      "cosinus": [
        0.6308552053482798
      ]
    },
    "spacy-md-concat--spacy-lg-concat": {
      "jaccard": [
        0.9687092568448501
      ],
      "braycurtis": [
        0.8048069919883467
      ],
      "dice": [
        0.9393173198482933
      ],
      "cosinus": [
        0.16431898340028117
      ]
    },
    "spacy-md-concat--spacy-md-concat": {
      "jaccard": [
        0.9596354166666666
      ],
      "braycurtis": [
        0.7894736842105263
      ],
      "dice": [
        0.9224030037546934
      ],
      "cosinus": [
        0.15860439602310283
      ]
    },
    "spacy-sm-concat--spacy-lg-concat": {
      "jaccard": [
        0.9582504970178927
      ],
      "braycurtis": [
        0.8578110383536015
      ],
      "dice": [
        0.9198473282442748
      ],
      "cosinus": [
        0.7506060327563113
      ]
    },
    "spacy-sm-concat--spacy-md-concat": {
      "jaccard": [
        0.952755905511811
      ],
      "braycurtis": [
        0.8449760765550239
      ],
      "dice": [
        0.9097744360902256
      ],
      "cosinus": [
        0.7215486716849273
      ]
    },
    "spacy-sm-concat--spacy-sm-concat": {
      "jaccard": [
        0.9232245681381958
      ],
      "braycurtis": [
        0.75
      ],
      "dice": [
        0.857397504456328
      ],
      "cosinus": [
        0.4821462385872376
      ]
    }
  }
}