{
  "txt": {
    "TesseractFra-BIN-jamspell-pretrain-fr--PP-txt": {
      "jaccard": [
        0.34460108939442485
      ],
      "braycurtis": [
        0.06311149763801316
      ],
      "dice": [
        0.20816800541952965
      ],
      "cosinus": [
        0.0034589069972227326
      ]
    }
  },
  "-concat.json": {
    "spacy-sm-concat--spacy-md-concat": {
      "jaccard": [
        0.8558951965065502
      ],
      "braycurtis": [
        0.6805369127516778
      ],
      "dice": [
        0.7480916030534351
      ],
      "cosinus": [
        0.8010181646733433
      ]
    },
    "spacy-sm-concat--spacy-lg-concat": {
      "jaccard": [
        0.8761061946902655
      ],
      "braycurtis": [
        0.7113133940182055
      ],
      "dice": [
        0.7795275590551181
      ],
      "cosinus": [
        0.851827995998542
      ]
    },
    "spacy-sm-concat--spacy-sm-concat": {
      "jaccard": [
        0.695067264573991
      ],
      "braycurtis": [
        0.3699421965317919
      ],
      "dice": [
        0.5326460481099656
      ],
      "cosinus": [
        0.11658199450805118
      ]
    },
    "spacy-md-concat--spacy-lg-concat": {
      "jaccard": [
        0.8023255813953488
      ],
      "braycurtis": [
        0.6404494382022472
      ],
      "dice": [
        0.6699029126213593
      ],
      "cosinus": [
        0.8109258861904786
      ]
    },
    "spacy-md-concat--spacy-md-concat": {
      "jaccard": [
        0.718562874251497
      ],
      "braycurtis": [
        0.5626043405676127
      ],
      "dice": [
        0.5607476635514018
      ],
      "cosinus": [
        0.7501375813147757
      ]
    },
    "spacy-md-concat--spacy-sm-concat": {
      "jaccard": [
        0.6693548387096774
      ],
      "braycurtis": [
        0.518578352180937
      ],
      "dice": [
        0.503030303030303
      ],
      "cosinus": [
        0.6308552053482798
      ]
    },
    "spacy-lg-concat--spacy-lg-concat": {
      "jaccard": [
        0.7484276729559748
      ],
      "braycurtis": [
        0.5429497568881686
      ],
      "dice": [
        0.5979899497487438
      ],
      "cosinus": [
        0.7712826538402567
      ]
    },
    "spacy-lg-concat--spacy-md-concat": {
      "jaccard": [
        0.47619047619047616
      ],
      "braycurtis": [
        0.16666666666666666
      ],
      "dice": [
        0.3125
      ],
      "cosinus": [
        0.01021322990496809
      ]
    },
    "spacy-lg-concat--spacy-sm-concat": {
      "jaccard": [
        0.6581196581196581
      ],
      "braycurtis": [
        0.5614307931570762
      ],
      "dice": [
        0.49044585987261147
      ],
      "cosinus": [
        0.6931806640393567
      ]
    }
  }
}