{
  "txt": {
    "TesseractFra-PNG-jamspell-pretrain-fr--PP-txt": {
      "jaccard": [
        0.3334414531300681
      ],
      "braycurtis": [
        0.06202998231102942
      ],
      "dice": [
        0.20007785130400935
      ],
      "cosinus": [
        0.0035240919058061593
      ]
    }
  },
  "-concat.json": {
    "spacy-md-concat--spacy-sm-concat": {
      "jaccard": [
        0.6693548387096774
      ],
      "braycurtis": [
        0.518578352180937
      ],
      "dice": [
        0.503030303030303
      ],
      "cosinus": [
        0.6308552053482798
      ]
    },
    "spacy-md-concat--spacy-lg-concat": {
      "jaccard": [
        0.7888198757763976
      ],
      "braycurtis": [
        0.6284329563812601
      ],
      "dice": [
        0.6512820512820513
      ],
      "cosinus": [
        0.8099057131286851
      ]
    },
    "spacy-md-concat--spacy-md-concat": {
      "jaccard": [
        0.6987179487179487
      ],
      "braycurtis": [
        0.5462184873949579
      ],
      "dice": [
        0.5369458128078818
      ],
      "cosinus": [
        0.7479169907459986
      ]
    },
    "spacy-sm-concat--spacy-lg-concat": {
      "jaccard": [
        0.875
      ],
      "braycurtis": [
        0.7058823529411765
      ],
      "dice": [
        0.7777777777777778
      ],
      "cosinus": [
        0.8528680994361428
      ]
    },
    "spacy-sm-concat--spacy-md-concat": {
      "jaccard": [
        0.8646288209606987
      ],
      "braycurtis": [
        0.6807387862796834
      ],
      "dice": [
        0.7615384615384615
      ],
      "cosinus": [
        0.8028810208280064
      ]
    },
    "spacy-sm-concat--spacy-sm-concat": {
      "jaccard": [
        0.6863636363636364
      ],
      "braycurtis": [
        0.3645390070921986
      ],
      "dice": [
        0.5224913494809689
      ],
      "cosinus": [
        0.12315063551611571
      ]
    },
    "spacy-lg-concat--spacy-lg-concat": {
      "jaccard": [
        0.7419354838709677
      ],
      "braycurtis": [
        0.5414634146341464
      ],
      "dice": [
        0.5897435897435898
      ],
      "cosinus": [
        0.7710204447393759
      ]
    },
    "spacy-lg-concat--spacy-md-concat": {
      "jaccard": [
        0.47619047619047616
      ],
      "braycurtis": [
        0.16666666666666666
      ],
      "dice": [
        0.3125
      ],
      "cosinus": [
        0.01021322990496809
      ]
    },
    "spacy-lg-concat--spacy-sm-concat": {
      "jaccard": [
        0.6581196581196581
      ],
      "braycurtis": [
        0.5614307931570762
      ],
      "dice": [
        0.49044585987261147
      ],
      "cosinus": [
        0.6931806640393567
      ]
    }
  }
}