{
  "txt": {
    "TesseractFra-PNG-jamspell-ELTeCmodel-fr--PP-txt": {
      "jaccard": [
        0.34323738780563295
      ],
      "braycurtis": [
        0.06130935878648659
      ],
      "dice": [
        0.2071735475434336
      ],
      "cosinus": [
        0.001672164471744897
      ]
    }
  },
  "-concat.json": {
    "spacy-md-concat--spacy-sm-concat": {
      "jaccard": [
        0.6693548387096774
      ],
      "braycurtis": [
        0.518578352180937
      ],
      "dice": [
        0.503030303030303
      ],
      "cosinus": [
        0.6308552053482798
      ]
    },
    "spacy-md-concat--spacy-lg-concat": {
      "jaccard": [
        0.8020833333333334
      ],
      "braycurtis": [
        0.42744063324538256
      ],
      "dice": [
        0.6695652173913044
      ],
      "cosinus": [
        0.027644283087168042
      ]
    },
    "spacy-md-concat--spacy-md-concat": {
      "jaccard": [
        0.7272727272727273
      ],
      "braycurtis": [
        0.36239782016348776
      ],
      "dice": [
        0.5714285714285714
      ],
      "cosinus": [
        0.02974849610399699
      ]
    },
    "spacy-sm-concat--spacy-lg-concat": {
      "jaccard": [
        0.8649789029535865
      ],
      "braycurtis": [
        0.7437185929648241
      ],
      "dice": [
        0.7620817843866171
      ],
      "cosinus": [
        0.7292062828942907
      ]
    },
    "spacy-sm-concat--spacy-md-concat": {
      "jaccard": [
        0.8693877551020408
      ],
      "braycurtis": [
        0.7331606217616581
      ],
      "dice": [
        0.7689530685920578
      ],
      "cosinus": [
        0.7020229034100756
      ]
    },
    "spacy-sm-concat--spacy-sm-concat": {
      "jaccard": [
        0.6978723404255319
      ],
      "braycurtis": [
        0.44645340751043117
      ],
      "dice": [
        0.5359477124183006
      ],
      "cosinus": [
        0.29368004740229325
      ]
    },
    "spacy-lg-concat--spacy-lg-concat": {
      "jaccard": [
        0.7012195121951219
      ],
      "braycurtis": [
        0.30133333333333334
      ],
      "dice": [
        0.539906103286385
      ],
      "cosinus": [
        0.017521414570567218
      ]
    },
    "spacy-lg-concat--spacy-md-concat": {
      "jaccard": [
        0.47619047619047616
      ],
      "braycurtis": [
        0.16666666666666666
      ],
      "dice": [
        0.3125
      ],
      "cosinus": [
        0.01021322990496809
      ]
    },
    "spacy-lg-concat--spacy-sm-concat": {
      "jaccard": [
        0.6581196581196581
      ],
      "braycurtis": [
        0.5614307931570762
      ],
      "dice": [
        0.49044585987261147
      ],
      "cosinus": [
        0.6931806640393567
      ]
    }
  }
}