{
  "txt": {
    "Tesseract-PNG-jamspell-pretrain-fr--PP-txt": {
      "jaccard": [
        0.42727547626247353
      ],
      "braycurtis": [
        0.10577322442198532
      ],
      "dice": [
        0.27167852336089215
      ],
      "cosinus": [
        0.010505591970174089
      ]
    }
  },
  "-concat.json": {
    "spacy-lg-concat--spacy-md-concat": {
      "jaccard": [
        0.47619047619047616
      ],
      "braycurtis": [
        0.16666666666666666
      ],
      "dice": [
        0.3125
      ],
      "cosinus": [
        0.01021322990496809
      ]
    },
    "spacy-lg-concat--spacy-sm-concat": {
      "jaccard": [
        0.6581196581196581
      ],
      "braycurtis": [
        0.5614307931570762
      ],
      "dice": [
        0.49044585987261147
      ],
      "cosinus": [
        0.6931806640393567
      ]
    },
    "spacy-lg-concat--spacy-lg-concat": {
      "jaccard": [
        0.815
      ],
      "braycurtis": [
        0.6115942028985507
      ],
      "dice": [
        0.6877637130801688
      ],
      "cosinus": [
        0.7900322359331129
      ]
    },
    "spacy-md-concat--spacy-sm-concat": {
      "jaccard": [
        0.6693548387096774
      ],
      "braycurtis": [
        0.518578352180937
      ],
      "dice": [
        0.503030303030303
      ],
      "cosinus": [
        0.6308552053482798
      ]
    },
    "spacy-md-concat--spacy-lg-concat": {
      "jaccard": [
        0.8584905660377359
      ],
      "braycurtis": [
        0.6894049346879536
      ],
      "dice": [
        0.7520661157024794
      ],
      "cosinus": [
        0.8120264536001784
      ]
    },
    "spacy-md-concat--spacy-md-concat": {
      "jaccard": [
        0.7804878048780488
      ],
      "braycurtis": [
        0.6300751879699248
      ],
      "dice": [
        0.64
      ],
      "cosinus": [
        0.7648235422736953
      ]
    },
    "spacy-sm-concat--spacy-lg-concat": {
      "jaccard": [
        0.9024390243902439
      ],
      "braycurtis": [
        0.7924528301886793
      ],
      "dice": [
        0.8222222222222222
      ],
      "cosinus": [
        0.9039751896117872
      ]
    },
    "spacy-sm-concat--spacy-md-concat": {
      "jaccard": [
        0.8862068965517241
      ],
      "braycurtis": [
        0.7655913978494624
      ],
      "dice": [
        0.7956656346749226
      ],
      "cosinus": [
        0.8697674940251175
      ]
    },
    "spacy-sm-concat--spacy-sm-concat": {
      "jaccard": [
        0.7605633802816901
      ],
      "braycurtis": [
        0.5279361459521095
      ],
      "dice": [
        0.6136363636363636
      ],
      "cosinus": [
        0.38883453837632986
      ]
    }
  }
}