{
  "txt": {
    "Tesseract-PNG-txt--PP-txt": {
      "jaccard": [
        0.46419059958252357
      ],
      "braycurtis": [
        0.1762106320396011
      ],
      "dice": [
        0.3022449266532315
      ],
      "cosinus": [
        0.009612544957780078
      ]
    }
  },
  "-concat.json": {
    "spacy-lg-concat--spacy-md-concat": {
      "jaccard": [
        0.36681222707423583
      ],
      "braycurtis": [
        0.21929824561403508
      ],
      "dice": [
        0.22459893048128343
      ],
      "cosinus": [
        0.16485735164136273
      ]
    },
    "spacy-lg-concat--spacy-sm-concat": {
      "jaccard": [
        0.8368
      ],
      "braycurtis": [
        0.6807432432432432
      ],
      "dice": [
        0.71939477303989
      ],
      "cosinus": [
        0.547436124553333
      ]
    },
    "spacy-lg-concat--spacy-lg-concat": {
      "jaccard": [
        0.7882562277580071
      ],
      "braycurtis": [
        0.5802219979818365
      ],
      "dice": [
        0.6505139500734214
      ],
      "cosinus": [
        0.31845622842073573
      ]
    },
    "spacy-md-concat--spacy-sm-concat": {
      "jaccard": [
        0.8149405772495756
      ],
      "braycurtis": [
        0.6311818943839062
      ],
      "dice": [
        0.6876790830945558
      ],
      "cosinus": [
        0.4508312872396476
      ]
    },
    "spacy-md-concat--spacy-lg-concat": {
      "jaccard": [
        0.8102189781021898
      ],
      "braycurtis": [
        0.618
      ],
      "dice": [
        0.6809815950920245
      ],
      "cosinus": [
        0.36414868704292425
      ]
    },
    "spacy-md-concat--spacy-md-concat": {
      "jaccard": [
        0.7637051039697542
      ],
      "braycurtis": [
        0.5377176015473888
      ],
      "dice": [
        0.617737003058104
      ],
      "cosinus": [
        0.24983068507946882
      ]
    },
    "spacy-sm-concat--spacy-sm-concat": {
      "jaccard": [
        0.756578947368421
      ],
      "braycurtis": [
        0.5361111111111111
      ],
      "dice": [
        0.6084656084656085
      ],
      "cosinus": [
        0.466291744067851
      ]
    },
    "spacy-sm-concat--spacy-lg-concat": {
      "jaccard": [
        0.49640287769784175
      ],
      "braycurtis": [
        0.3760379596678529
      ],
      "dice": [
        0.33014354066985646
      ],
      "cosinus": [
        0.4309029023769573
      ]
    },
    "spacy-sm-concat--spacy-md-concat": {
      "jaccard": [
        0.46153846153846156
      ],
      "braycurtis": [
        0.3272519954389966
      ],
      "dice": [
        0.3
      ],
      "cosinus": [
        0.28891964430942196
      ]
    }
  }
}