{
  "txt": {
    "TesseractFra-BIN-jamspell-pretrain-fr--PP-txt": {
      "jaccard": [
        0.32014588926599463
      ],
      "braycurtis": [
        0.06754021860139213
      ],
      "dice": [
        0.1905795790362463
      ],
      "cosinus": [
        0.002751201533606973
      ]
    }
  },
  "-concat.json": {
    "spacy-lg-concat--spacy-sm-concat": {
      "jaccard": [
        0.5093715545755237
      ],
      "braycurtis": [
        0.4587726412543931
      ],
      "dice": [
        0.34171597633136097
      ],
      "cosinus": [
        0.8311899403307808
      ]
    },
    "spacy-lg-concat--spacy-md-concat": {
      "jaccard": [
        0.3696236559139785
      ],
      "braycurtis": [
        0.26024442846872753
      ],
      "dice": [
        0.2267106347897774
      ],
      "cosinus": [
        0.4235038583748155
      ]
    },
    "spacy-lg-concat--spacy-lg-concat": {
      "jaccard": [
        0.5159574468085106
      ],
      "braycurtis": [
        0.28258064516129033
      ],
      "dice": [
        0.34767025089605735
      ],
      "cosinus": [
        0.05269180271616003
      ]
    },
    "spacy-sm-concat--spacy-md-concat": {
      "jaccard": [
        0.48415300546448087
      ],
      "braycurtis": [
        0.39631969239219994
      ],
      "dice": [
        0.3193943763518385
      ],
      "cosinus": [
        0.6527150245179516
      ]
    },
    "spacy-sm-concat--spacy-lg-concat": {
      "jaccard": [
        0.6772841575859179
      ],
      "braycurtis": [
        0.5632243110996652
      ],
      "dice": [
        0.5120405576679341
      ],
      "cosinus": [
        0.8351641954816823
      ]
    },
    "spacy-sm-concat--spacy-sm-concat": {
      "jaccard": [
        0.4831168831168831
      ],
      "braycurtis": [
        0.21299029945170814
      ],
      "dice": [
        0.3184931506849315
      ],
      "cosinus": [
        0.012063132773265095
      ]
    },
    "spacy-md-concat--spacy-lg-concat": {
      "jaccard": [
        0.6334883720930232
      ],
      "braycurtis": [
        0.4536741214057508
      ],
      "dice": [
        0.4635806671204901
      ],
      "cosinus": [
        0.4934199000050473
      ]
    },
    "spacy-md-concat--spacy-sm-concat": {
      "jaccard": [
        0.6653127538586515
      ],
      "braycurtis": [
        0.5327149661569316
      ],
      "dice": [
        0.4984783931832015
      ],
      "cosinus": [
        0.6945658094783724
      ]
    },
    "spacy-md-concat--spacy-md-concat": {
      "jaccard": [
        0.5254901960784314
      ],
      "braycurtis": [
        0.30859375
      ],
      "dice": [
        0.35638297872340424
      ],
      "cosinus": [
        0.10898068205426836
      ]
    }
  }
}