{
  "txt": {
    "Kraken-base-jamspell-ELTeCmodel-fr--PP-txt": {
      "jaccard": [
        0.6842281317946145
      ],
      "braycurtis": [
        0.21841591153211215
      ],
      "dice": [
        0.520020338121266
      ],
      "cosinus": [
        0.013803714355094532
      ]
    }
  },
  "-concat.json": {
    "spacy-md-concat--spacy-sm-concat": {
      "jaccard": [
        0.8481078278900985
      ],
      "braycurtis": [
        0.705526963526516
      ],
      "dice": [
        0.7362736273627363
      ],
      "cosinus": [
        0.7518776293388747
      ]
    },
    "spacy-md-concat--spacy-lg-concat": {
      "jaccard": [
        0.8416289592760181
      ],
      "braycurtis": [
        0.6559556786703601
      ],
      "dice": [
        0.7265625
      ],
      "cosinus": [
        0.5326187601486408
      ]
    },
    "spacy-md-concat--spacy-md-concat": {
      "jaccard": [
        0.8083524027459954
      ],
      "braycurtis": [
        0.5878378378378378
      ],
      "dice": [
        0.6783485357657225
      ],
      "cosinus": [
        0.25684123900210665
      ]
    },
    "spacy-sm-concat--spacy-lg-concat": {
      "jaccard": [
        0.8260590500641849
      ],
      "braycurtis": [
        0.6773360867320599
      ],
      "dice": [
        0.7036632039365773
      ],
      "cosinus": [
        0.8393509096760072
      ]
    },
    "spacy-sm-concat--spacy-sm-concat": {
      "jaccard": [
        0.7528019925280199
      ],
      "braycurtis": [
        0.4460173251637439
      ],
      "dice": [
        0.6035946080878682
      ],
      "cosinus": [
        0.044025532544660684
      ]
    },
    "spacy-sm-concat--spacy-md-concat": {
      "jaccard": [
        0.48415300546448087
      ],
      "braycurtis": [
        0.39631969239219994
      ],
      "dice": [
        0.3193943763518385
      ],
      "cosinus": [
        0.6527150245179516
      ]
    },
    "spacy-lg-concat--spacy-lg-concat": {
      "jaccard": [
        0.809801633605601
      ],
      "braycurtis": [
        0.5733844468784228
      ],
      "dice": [
        0.6803921568627451
      ],
      "cosinus": [
        0.16976592389832834
      ]
    },
    "spacy-lg-concat--spacy-sm-concat": {
      "jaccard": [
        0.5093715545755237
      ],
      "braycurtis": [
        0.4587726412543931
      ],
      "dice": [
        0.34171597633136097
      ],
      "cosinus": [
        0.8311899403307808
      ]
    },
    "spacy-lg-concat--spacy-md-concat": {
      "jaccard": [
        0.3696236559139785
      ],
      "braycurtis": [
        0.26024442846872753
      ],
      "dice": [
        0.2267106347897774
      ],
      "cosinus": [
        0.4235038583748155
      ]
    }
  }
}