{
  "txt": {
    "TesseractFra-PNG-jamspell-pretrain-fr--PP-txt": {
      "jaccard": [
        0.31477342003657793
      ],
      "braycurtis": [
        0.06551596403994928
      ],
      "dice": [
        0.18678403472808391
      ],
      "cosinus": [
        0.002439594600908479
      ]
    }
  },
  "-concat.json": {
    "spacy-md-concat--spacy-lg-concat": {
      "jaccard": [
        0.6355051935788479
      ],
      "braycurtis": [
        0.4497079818299805
      ],
      "dice": [
        0.4657439446366782
      ],
      "cosinus": [
        0.49864884383484653
      ]
    },
    "spacy-md-concat--spacy-sm-concat": {
      "jaccard": [
        0.6652926628194559
      ],
      "braycurtis": [
        0.5300685105303222
      ],
      "dice": [
        0.49845583693638046
      ],
      "cosinus": [
        0.692787200801895
      ]
    },
    "spacy-md-concat--spacy-md-concat": {
      "jaccard": [
        0.5170340681362725
      ],
      "braycurtis": [
        0.2962962962962963
      ],
      "dice": [
        0.34864864864864864
      ],
      "cosinus": [
        0.10939244519712232
      ]
    },
    "spacy-lg-concat--spacy-sm-concat": {
      "jaccard": [
        0.5093715545755237
      ],
      "braycurtis": [
        0.4587726412543931
      ],
      "dice": [
        0.34171597633136097
      ],
      "cosinus": [
        0.8311899403307808
      ]
    },
    "spacy-lg-concat--spacy-lg-concat": {
      "jaccard": [
        0.5107296137339056
      ],
      "braycurtis": [
        0.26841934436871145
      ],
      "dice": [
        0.34293948126801155
      ],
      "cosinus": [
        0.04679993991684239
      ]
    },
    "spacy-lg-concat--spacy-md-concat": {
      "jaccard": [
        0.3696236559139785
      ],
      "braycurtis": [
        0.26024442846872753
      ],
      "dice": [
        0.2267106347897774
      ],
      "cosinus": [
        0.4235038583748155
      ]
    },
    "spacy-sm-concat--spacy-lg-concat": {
      "jaccard": [
        0.6951316839584996
      ],
      "braycurtis": [
        0.5748792270531401
      ],
      "dice": [
        0.5327217125382263
      ],
      "cosinus": [
        0.8353233979919561
      ]
    },
    "spacy-sm-concat--spacy-sm-concat": {
      "jaccard": [
        0.5098846787479407
      ],
      "braycurtis": [
        0.23080133555926544
      ],
      "dice": [
        0.3421779988944168
      ],
      "cosinus": [
        0.014576980510283333
      ]
    },
    "spacy-sm-concat--spacy-md-concat": {
      "jaccard": [
        0.48415300546448087
      ],
      "braycurtis": [
        0.39631969239219994
      ],
      "dice": [
        0.3193943763518385
      ],
      "cosinus": [
        0.6527150245179516
      ]
    }
  }
}