{
  "txt": {
    "PP-txt--Tesseract-BIN-jamspell-pretrain-fr": {
      "jaccard": [
        0.4184443715129636
      ],
      "braycurtis": [
        0.1432858647506096
      ],
      "dice": [
        0.2645777132185101
      ],
      "cosinus": [
        0.031219946862262038
      ]
    }
  },
  "-concat.json": {
    "spacy-md-concat--spacy-sm-concat": {
      "jaccard": [
        0.8848167539267016
      ],
      "braycurtis": [
        0.7222222222222222
      ],
      "dice": [
        0.7934272300469484
      ],
      "cosinus": [
        0.7546366968289071
      ]
    },
    "spacy-md-concat--spacy-lg-concat": {
      "jaccard": [
        0.8813559322033898
      ],
      "braycurtis": [
        0.7090909090909091
      ],
      "dice": [
        0.7878787878787878
      ],
      "cosinus": [
        0.7148805844289606
      ]
    },
    "spacy-md-concat--spacy-md-concat": {
      "jaccard": [
        0.8410596026490066
      ],
      "braycurtis": [
        0.6544117647058824
      ],
      "dice": [
        0.7257142857142858
      ],
      "cosinus": [
        0.6960139723779886
      ]
    },
    "spacy-sm-concat--spacy-lg-concat": {
      "jaccard": [
        0.7642585551330798
      ],
      "braycurtis": [
        0.4589473684210526
      ],
      "dice": [
        0.6184615384615385
      ],
      "cosinus": [
        0.14677660736223475
      ]
    },
    "spacy-sm-concat--spacy-sm-concat": {
      "jaccard": [
        0.7676767676767676
      ],
      "braycurtis": [
        0.518555667001003
      ],
      "dice": [
        0.6229508196721312
      ],
      "cosinus": [
        0.3872881310474322
      ]
    },
    "spacy-sm-concat--spacy-md-concat": {
      "jaccard": [
        0.8110236220472441
      ],
      "braycurtis": [
        0.461864406779661
      ],
      "dice": [
        0.6821192052980133
      ],
      "cosinus": [
        0.13662387154429867
      ]
    },
    "spacy-lg-concat--spacy-sm-concat": {
      "jaccard": [
        0.9021739130434783
      ],
      "braycurtis": [
        0.7797356828193832
      ],
      "dice": [
        0.8217821782178217
      ],
      "cosinus": [
        0.8025218012567417
      ]
    },
    "spacy-lg-concat--spacy-lg-concat": {
      "jaccard": [
        0.8734939759036144
      ],
      "braycurtis": [
        0.6712328767123288
      ],
      "dice": [
        0.7754010695187166
      ],
      "cosinus": [
        0.6597117735883734
      ]
    },
    "spacy-lg-concat--spacy-md-concat": {
      "jaccard": [
        0.71875
      ],
      "braycurtis": [
        0.39276485788113696
      ],
      "dice": [
        0.5609756097560976
      ],
      "cosinus": [
        0.08466471117754337
      ]
    }
  }
}