{
  "txt": {
    "PP-txt--Tesseract-BIN-txt": {
      "jaccard": [
        0.3993912207625761
      ],
      "braycurtis": [
        0.14759205573103718
      ],
      "dice": [
        0.24952457211490342
      ],
      "cosinus": [
        0.046137298653489256
      ]
    }
  },
  "-concat.json": {
    "spacy-md-concat--spacy-sm-concat": {
      "jaccard": [
        0.8804347826086957
      ],
      "braycurtis": [
        0.7424242424242424
      ],
      "dice": [
        0.7864077669902912
      ],
      "cosinus": [
        0.7774666680929597
      ]
    },
    "spacy-md-concat--spacy-lg-concat": {
      "jaccard": [
        0.8702702702702703
      ],
      "braycurtis": [
        0.6893203883495146
      ],
      "dice": [
        0.7703349282296651
      ],
      "cosinus": [
        0.638772564428042
      ]
    },
    "spacy-md-concat--spacy-md-concat": {
      "jaccard": [
        0.8333333333333334
      ],
      "braycurtis": [
        0.6711798839458414
      ],
      "dice": [
        0.7142857142857143
      ],
      "cosinus": [
        0.6697060807707409
      ]
    },
    "spacy-sm-concat--spacy-lg-concat": {
      "jaccard": [
        0.8122743682310469
      ],
      "braycurtis": [
        0.5461988304093567
      ],
      "dice": [
        0.6838905775075987
      ],
      "cosinus": [
        0.2147268768739079
      ]
    },
    "spacy-sm-concat--spacy-sm-concat": {
      "jaccard": [
        0.765625
      ],
      "braycurtis": [
        0.5389541088580576
      ],
      "dice": [
        0.620253164556962
      ],
      "cosinus": [
        0.41864245286357804
      ]
    },
    "spacy-sm-concat--spacy-md-concat": {
      "jaccard": [
        0.8339483394833949
      ],
      "braycurtis": [
        0.572928821470245
      ],
      "dice": [
        0.7151898734177216
      ],
      "cosinus": [
        0.2328299375602947
      ]
    },
    "spacy-lg-concat--spacy-sm-concat": {
      "jaccard": [
        0.8983050847457628
      ],
      "braycurtis": [
        0.7648953301127214
      ],
      "dice": [
        0.8153846153846154
      ],
      "cosinus": [
        0.7902042721229658
      ]
    },
    "spacy-lg-concat--spacy-lg-concat": {
      "jaccard": [
        0.8685714285714285
      ],
      "braycurtis": [
        0.6386554621848739
      ],
      "dice": [
        0.7676767676767676
      ],
      "cosinus": [
        0.5412972839798681
      ]
    },
    "spacy-lg-concat--spacy-md-concat": {
      "jaccard": [
        0.6979591836734694
      ],
      "braycurtis": [
        0.4241573033707865
      ],
      "dice": [
        0.5360501567398119
      ],
      "cosinus": [
        0.17666535234032266
      ]
    }
  }
}