{
  "txt": {
    "PP-txt--Tesseract-BIN-jamspell-pretrain-fr": {
      "jaccard": [
        0.48009117458508443
      ],
      "braycurtis": [
        0.16096727910637632
      ],
      "dice": [
        0.3158684037866717
      ],
      "cosinus": [
        0.03158391197363508
      ]
    }
  },
  "-concat.json": {
    "spacy-md-concat--spacy-sm-concat": {
      "jaccard": [
        0.9122373300370828
      ],
      "braycurtis": [
        0.7080576099649669
      ],
      "dice": [
        0.8386363636363636
      ],
      "cosinus": [
        0.57725598094903
      ]
    },
    "spacy-md-concat--spacy-lg-concat": {
      "jaccard": [
        0.8868778280542986
      ],
      "braycurtis": [
        0.6453900709219859
      ],
      "dice": [
        0.7967479674796748
      ],
      "cosinus": [
        0.5196983265008999
      ]
    },
    "spacy-md-concat--spacy-md-concat": {
      "jaccard": [
        0.851027397260274
      ],
      "braycurtis": [
        0.5782312925170068
      ],
      "dice": [
        0.7406855439642325
      ],
      "cosinus": [
        0.43863294235380235
      ]
    },
    "spacy-sm-concat--spacy-lg-concat": {
      "jaccard": [
        0.8976063829787234
      ],
      "braycurtis": [
        0.7281035795887281
      ],
      "dice": [
        0.8142340168878166
      ],
      "cosinus": [
        0.7121472731215488
      ]
    },
    "spacy-sm-concat--spacy-sm-concat": {
      "jaccard": [
        0.8301204819277108
      ],
      "braycurtis": [
        0.6554681915654038
      ],
      "dice": [
        0.709577754891864
      ],
      "cosinus": [
        0.6851947647393173
      ]
    },
    "spacy-sm-concat--spacy-md-concat": {
      "jaccard": [
        0.772633744855967
      ],
      "braycurtis": [
        0.595553961993546
      ],
      "dice": [
        0.6295054484492875
      ],
      "cosinus": [
        0.5880870170772916
      ]
    },
    "spacy-lg-concat--spacy-lg-concat": {
      "jaccard": [
        0.8642745709828393
      ],
      "braycurtis": [
        0.6193672099712368
      ],
      "dice": [
        0.760989010989011
      ],
      "cosinus": [
        0.4729160124897507
      ]
    },
    "spacy-lg-concat--spacy-sm-concat": {
      "jaccard": [
        0.7362086258776329
      ],
      "braycurtis": [
        0.5306986591390261
      ],
      "dice": [
        0.5825396825396826
      ],
      "cosinus": [
        0.5550690177040334
      ]
    },
    "spacy-lg-concat--spacy-md-concat": {
      "jaccard": [
        0.6473616473616474
      ],
      "braycurtis": [
        0.3679786014520443
      ],
      "dice": [
        0.4785918173168411
      ],
      "cosinus": [
        0.09107238787760175
      ]
    }
  }
}